Year,Value
2009,0.18121
2010,2.67686
2011,0.82487
2012,-0.452
2015,-3.03157
2016,-8.55872
2017,-11.76717
2018,-3.62378
