{"Year":[1977,1978,1979,1980,1981,1982,1983,1984,1985,1986,1987,1988,1989,1990,1991,1992,1993,1994,2005,2006,2007,2008,2009,2010,2011,2012,2013,2014,2015,2016,2017,2018,2019,2020,2021],"Value":[0.58984,0.80947,1.18295,2.90983,3.97427,9.07471,33.13682,23.02354,27.15973,29.79094,30.09384,26.51506,19.86362,19.53995,18.48016,25.85373,24.46937,18.74042,2.87477,0.49897,0.60793,0.09096,0.21109,0.22363,0.21664,0.30147,1.28211,1.46951,8.41518,25.30896,3.05474,1.74149,1.30769,0.74804,1.31301]}