{"Year":[1960,1961,1962,1963,1964,1965,1966,1967,1968,1969,1970,1971,1972,1973,1974,1975,1976,1977,1978,1979,1980,1981,1982,1983,1984,1985,1986,1987,1988,1989,1990,1991,1992,1993,1994,1995,1996,1997,1998,1999,2000,2001,2002,2003,2004,2005,2006,2007,2008,2009,2010,2011,2012,2013,2014,2015,2016,2017,2018,2019,2020,2021],"Value":[40.36124,41.6725,40.08584,37.94701,60.3054,63.89943,43.14416,41.01641,40.28116,36.95655,39.69841,39.47278,37.08366,39.10129,43.39352,42.64177,36.91206,36.36254,36.14762,38.30064,42.85157,38.73243,34.12298,30.13884,35.46844,38.01493,39.14742,39.04341,37.65939,38.1834,40.67708,41.50909,54.03266,51.58587,59.86351,67.18912,60.90156,66.04083,75.16438,58.51549,56.62218,43.11398,59.33351,59.01259,70.46647,72.90779,75.80967,105.49986,93.30338,82.64195,70.88726,81.52081,63.2258,58.26299,50.96556,46.59091,42.19736,48.59285,30.589,41.61736,43.69192,46.60706]}