{"Year":[2009,2010,2011,2012,2015,2016,2017,2018],"Value":[9.19689,17.43492,17.92825,17.83549,17.67336,15.45834,15.87437,7.21477]}