{"data":{"Year":[2011,2012,2013,2014,2015,2016,2017,2018,2019,2020],"Value":[1458996.0,7492507.0,7608151.8796199998,7507095.3637899999,4516448.0,2267585.0,2656632.3975800001,2166229.1373000001,478564.17835,1081776.0]},"edges":[]}