{"data":{"Year":[2019,2020,2021,2016,2018,2019,2020,2021,2019,2020,2021,2019,2020,2021,2016,2017,2018,2019,2020,2021],"SERIES":["DC_OSSD_GRT","DC_OSSD_GRT","DC_OSSD_GRT","DC_OSSD_MPF","DC_OSSD_MPF","DC_OSSD_MPF","DC_OSSD_MPF","DC_OSSD_MPF","DC_OSSD_OFFCL","DC_OSSD_OFFCL","DC_OSSD_OFFCL","DC_OSSD_OFFNL","DC_OSSD_OFFNL","DC_OSSD_OFFNL","DC_OSSD_PRVGRT","DC_OSSD_PRVGRT","DC_OSSD_PRVGRT","DC_OSSD_PRVGRT","DC_OSSD_PRVGRT","DC_OSSD_PRVGRT"],"Value":[910.32523,998.53363,1111.66085,4.32826,77.09451,0.6821,34.93646,10.20014,0.0,5.65745,8.37868,0.0,0.0,32.82257,10.48399,21.19383,19.75925,15.65442,18.57818,17.0849]},"edges":[]}