{"Year":[1979,1980,1981,1982,1983,1984,1985,1986,1987,1988,1989,1990,1991,1992,1993,1994,1995,1996,1997,1998,1999,2000,2001,2002,2003,2004,2005,2009,2010,2011,2012,2013,2014,2015,2016,2017,2018,2019,2020],"Value":[1.54298,2.88573,3.94516,5.44956,5.58361,7.09801,6.28915,7.159,7.77049,10.20641,15.75613,6.88648,4.98809,2.75723,2.3937,2.75607,2.14548,2.63729,6.69004,4.71468,2.55342,5.56151,27.57247,72.98752,29.54048,7.77562,26.8841,1.6796,3.03853,4.41833,6.46114,8.18576,12.03061,10.89805,13.8467,21.31376,56.48452,23.82488,95.75868]}