{"Year":[2016,2017,2018,2019,2016,2017,2018,2019],"SERIES":["IQ_SPI_PIL4","IQ_SPI_PIL4","IQ_SPI_PIL4","IQ_SPI_PIL4","IQ_SPI_PIL5","IQ_SPI_PIL5","IQ_SPI_PIL5","IQ_SPI_PIL5"],"Value":[39.74167,40.36667,41.44167,43.09167,35.0,35.0,45.0,45.0]}