{"Year":[2000,2001,2002,2003,2004,2005,2006,2007,2008,2009,2010,2011,2012,2013,2014,2015,2016,2017,2018,2019,2020,2021,2005,2006,2007,2008,2009,2010,2011,2012,2013,2014,2015,2016,2017,2018,2019,2020,2021,2000,2001,2002,2003,2004,2005,2006,2007,2008,2009,2010,2011,2012,2013,2014,2015,2016,2017,2018,2019,2020,2021,2005,2006,2007,2008,2009,2010,2011,2012,2013,2014,2015,2016,2017,2018,2019,2020,2021],"SERIES":["TX_EXP_GBMRCH","TX_EXP_GBMRCH","TX_EXP_GBMRCH","TX_EXP_GBMRCH","TX_EXP_GBMRCH","TX_EXP_GBMRCH","TX_EXP_GBMRCH","TX_EXP_GBMRCH","TX_EXP_GBMRCH","TX_EXP_GBMRCH","TX_EXP_GBMRCH","TX_EXP_GBMRCH","TX_EXP_GBMRCH","TX_EXP_GBMRCH","TX_EXP_GBMRCH","TX_EXP_GBMRCH","TX_EXP_GBMRCH","TX_EXP_GBMRCH","TX_EXP_GBMRCH","TX_EXP_GBMRCH","TX_EXP_GBMRCH","TX_EXP_GBMRCH","TX_EXP_GBSVR","TX_EXP_GBSVR","TX_EXP_GBSVR","TX_EXP_GBSVR","TX_EXP_GBSVR","TX_EXP_GBSVR","TX_EXP_GBSVR","TX_EXP_GBSVR","TX_EXP_GBSVR","TX_EXP_GBSVR","TX_EXP_GBSVR","TX_EXP_GBSVR","TX_EXP_GBSVR","TX_EXP_GBSVR","TX_EXP_GBSVR","TX_EXP_GBSVR","TX_EXP_GBSVR","TX_IMP_GBMRCH","TX_IMP_GBMRCH","TX_IMP_GBMRCH","TX_IMP_GBMRCH","TX_IMP_GBMRCH","TX_IMP_GBMRCH","TX_IMP_GBMRCH","TX_IMP_GBMRCH","TX_IMP_GBMRCH","TX_IMP_GBMRCH","TX_IMP_GBMRCH","TX_IMP_GBMRCH","TX_IMP_GBMRCH","TX_IMP_GBMRCH","TX_IMP_GBMRCH","TX_IMP_GBMRCH","TX_IMP_GBMRCH","TX_IMP_GBMRCH","TX_IMP_GBMRCH","TX_IMP_GBMRCH","TX_IMP_GBMRCH","TX_IMP_GBMRCH","TX_IMP_GBSVR","TX_IMP_GBSVR","TX_IMP_GBSVR","TX_IMP_GBSVR","TX_IMP_GBSVR","TX_IMP_GBSVR","TX_IMP_GBSVR","TX_IMP_GBSVR","TX_IMP_GBSVR","TX_IMP_GBSVR","TX_IMP_GBSVR","TX_IMP_GBSVR","TX_IMP_GBSVR","TX_IMP_GBSVR","TX_IMP_GBSVR","TX_IMP_GBSVR","TX_IMP_GBSVR"],"Value":[0.02983,0.01948,0.03095,0.022,0.02046,0.01761,0.01649,0.01712,0.01362,0.01807,0.02091,0.01916,0.02098,0.02063,0.02035,0.01962,0.0208,0.01962,0.02075,0.02245,0.02491,0.02703,0.01347,0.01054,0.00755,0.00566,0.00671,0.00725,0.00766,0.0074,0.00723,0.00692,0.00772,0.00779,0.0086,0.0082,0.00959,0.0064,0.00396,0.028,0.02675,0.02628,0.02198,0.02325,0.02177,0.01721,0.02236,0.01166,0.04505,0.0346,0.04328,0.03718,0.03804,0.03184,0.03616,0.03292,0.02817,0.03224,0.02491,0.02798,0.03182,0.0242,0.01825,0.016,0.01388,0.02618,0.03506,0.04201,0.03963,0.04006,0.03792,0.03109,0.02563,0.02118,0.01763,0.01507,0.01568,0.01681]}