{"Year":[2000,2001,2002,2003,2004,2005,2006,2007,2008,2009,2010,2011,2012,2013,2014,2015,2016,2017,2018,2019,2020,2021],"Value":[105.92435,105.92444,105.92441,105.92435,105.92435,105.92441,105.92439,172.3827,69.70759,76.51478,108.57908,70.39488,56.72875,80.91622,100.18511,95.74045,66.8362,115.18194,53.55142,64.73938,93.43767,27.19948]}