{"Year":[2000,2001,2002,2003,2004,2005,2006,2007,2008,2009,2010,2011,2012,2013,2014,2015,2016,2017,2018,2019,2020],"Value":[387.75033,589.17383,442.71538,533.89887,488.08747,533.07277,558.164,656.42145,684.82706,669.88779,618.32971,562.12072,527.61644,495.25712,440.85211,408.11898,399.75752,366.38103,358.5035,393.17629,356.75892]}