{"Year":[2000,2001,2002,2003,2004,2005,2006,2007,2008,2009,2010,2011,2012,2013,2014,2015,2016,2017,2018,2019,2020,2021],"Value":[0.4693,0.22138,0.31423,0.80839,0.30291,0.285,0.40978,2.04463,2.52931,1.08975,1.40433,0.99447,1.53236,1.02735,0.98905,1.02435,0.75885,1.19407,0.86087,1.12848,1.26601,0.85579]}