{"Year":[2009,2010,2011,2012,2013,2014,2015,2016,2017,2018,2019,2020,2021],"Value":[5.6466,40.9289,66.8995,60.1143,92.4435,97.7339,85.4348,92.9025,74.8271,81.0727,218.84201,255.17045,127.87705]}