Year,Value
2009,9.19689
2010,17.43492
2011,17.92825
2012,17.83549
2015,17.67336
2016,15.45834
2017,15.87437
2018,7.21477
