{"data":{"Year":[2009,2010,2011,2012,2015,2016,2017,2018],"Value":[0.18121,2.67686,0.82487,-0.452,-3.03157,-8.55872,-11.76717,-3.62378]},"edges":[]}