{"data":{"Year":[1970,1971,1972,1973,1974,1975,1976,1977,1978,1979,1980,1981,1982,1983,1984,1985,1986,1987,1988,1989,1990,1991,1992,1993,1994,1995,1996,1997,1998,1999,2000,2001,2002,2003,2004,2005,2006,2007,2008,2009,2010,2011,2012,2013,2014,2015,2016,2017,2018,2019,2020,2021],"Value":[12.47111,11.10151,8.28048,6.6491,5.53328,4.33708,3.38958,4.65013,10.39258,10.96776,12.03111,15.98518,22.54508,29.07589,35.16511,44.11256,43.85764,44.74686,36.05323,35.35624,38.97297,42.16448,64.44859,68.32719,69.23637,74.87476,61.66368,61.11235,77.87976,68.00744,61.98615,57.98255,66.72016,84.96292,91.0885,82.79718,97.59782,118.03706,146.52155,64.58119,56.87092,53.33506,52.83419,44.7765,43.63661,49.2313,56.90023,72.431,70.87305,64.81088,73.03689,53.74667]},"edges":[]}