{"data":{"Year":[2014,2020,2014,2020,2014,2014,2020,2014,2020,2020,2014,2020,2020,2014,2020,2014,2020,2014,2020],"COMPOSITE_BREAKDOWN":["SKILL_ICTATCH","SKILL_ICTATCH","SKILL_ICTCDV","SKILL_ICTCDV","SKILL_ICTCMFL","SKILL_ICTCPT","SKILL_ICTCPT","SKILL_ICTPRGM","SKILL_ICTPRGM","SKILL_ICTPRVCY","SKILL_ICTPST","SKILL_ICTPST","SKILL_ICTSCRTY","SKILL_ICTSFWR","SKILL_ICTSFWR","SKILL_ICTSSHT","SKILL_ICTSSHT","SKILL_ICTTRFF","SKILL_ICTTRFF"],"Value":[0.62054,0.99702,0.53084,0.74896,0.59397,0.60058,0.83974,0.56462,0.57978,0.81201,0.5596,0.77757,0.75525,0.50535,0.80951,0.61515,0.81107,0.55556,0.81478]},"edges":[]}