{"data":{"Year":[1977,1978,1979,1980,1981,1982,1983,1984,1985,1986,1987,1988,1989,1990,1991,1992,1993,1994,2009,2010,2011,2012,2013,2014,2015,2016,2017,2018,2019,2020],"Value":[8266252.6191499997,8298459.7875899998,8817083.5478399992,27429506.1052599996,29969773.2574799992,46765766.1419700012,42646910.0712300017,-2832264.6293500001,-9088768.20469,-1253429.5202800001,-909924.57284,60794326.4711199999,36669757.7175600007,21662734.84846,-7268593.0063800002,9475544.8433999997,5083123.9883399997,-50100172.2564700022,-67000000.0,-63090000.0,-10000000.0,-99200000.0,-114200000.0,-130300000.0,-122800000.0,80061343.2600000054,100881819.299999997,-54730161.6159000024,-3718164.36619,81646526.1003600061]},"edges":[]}