{"Year":[2017,2018,2019,2020,2021,2017,2018,2019,2020,2021,2017,2018,2019,2020,2021,2017,2018,2019,2020,2021,2017,2018,2019,2020,2021,2017,2018,2019,2020,2021,2017,2018,2019,2020,2021,2017,2018,2019,2020,2021],"SERIES":["EN_LKW_QLTRB","EN_LKW_QLTRB","EN_LKW_QLTRB","EN_LKW_QLTRB","EN_LKW_QLTRB","EN_LKW_QLTRB","EN_LKW_QLTRB","EN_LKW_QLTRB","EN_LKW_QLTRB","EN_LKW_QLTRB","EN_LKW_QLTRB","EN_LKW_QLTRB","EN_LKW_QLTRB","EN_LKW_QLTRB","EN_LKW_QLTRB","EN_LKW_QLTRB","EN_LKW_QLTRB","EN_LKW_QLTRB","EN_LKW_QLTRB","EN_LKW_QLTRB","EN_LKW_QLTRST","EN_LKW_QLTRST","EN_LKW_QLTRST","EN_LKW_QLTRST","EN_LKW_QLTRST","EN_LKW_QLTRST","EN_LKW_QLTRST","EN_LKW_QLTRST","EN_LKW_QLTRST","EN_LKW_QLTRST","EN_LKW_QLTRST","EN_LKW_QLTRST","EN_LKW_QLTRST","EN_LKW_QLTRST","EN_LKW_QLTRST","EN_LKW_QLTRST","EN_LKW_QLTRST","EN_LKW_QLTRST","EN_LKW_QLTRST","EN_LKW_QLTRST"],"COMPOSITE_BREAKDOWN":["DL_EXTREME","DL_EXTREME","DL_EXTREME","DL_EXTREME","DL_EXTREME","DL_HIGH","DL_HIGH","DL_HIGH","DL_HIGH","DL_HIGH","DL_LOW","DL_LOW","DL_LOW","DL_LOW","DL_LOW","DL_MEDIUM","DL_MEDIUM","DL_MEDIUM","DL_MEDIUM","DL_MEDIUM","DL_EXTREME","DL_EXTREME","DL_EXTREME","DL_EXTREME","DL_EXTREME","DL_HIGH","DL_HIGH","DL_HIGH","DL_HIGH","DL_HIGH","DL_LOW","DL_LOW","DL_LOW","DL_LOW","DL_LOW","DL_MEDIUM","DL_MEDIUM","DL_MEDIUM","DL_MEDIUM","DL_MEDIUM"],"Value":[49.78057,38.97479,34.57918,37.75969,39.86295,11.0557,15.26931,13.92214,14.35542,13.98524,30.16057,35.16615,41.62344,39.0003,35.46435,9.00316,10.58976,9.87523,8.88459,10.68745,2.47796,1.62631,1.27184,1.91446,1.13614,10.51263,8.84327,6.95931,7.39717,5.72333,64.02435,66.4121,74.74556,72.92953,76.15133,22.98506,23.11832,17.02329,17.75884,16.98921]}