{"Year":[1993,1994,1995,1996,1997,1998,1999,2000,2001,2002,2003,2004,2005,2006,2007,2008,2009,2010,2011,2012,2013,2014,2015,2016,2017,2018,2019,2020,2021,2022,2023],"Value":[0.80248,0.80205,0.80165,0.80126,0.8009,0.80056,0.80013,0.79976,0.7995,0.79914,0.79873,0.79837,0.79795,0.79763,0.79723,0.79692,0.79636,0.79593,0.79558,0.79495,0.79463,0.79414,0.79379,0.79334,0.79291,0.79256,0.79219,0.79188,0.79159,0.79111,0.79077]}